,name,code
0,DL,000210.KS
1,DRB동일,004840.KS
2,DSR,155660.KS
3,GS,078930.KS
4,GS글로벌,001250.KS
5,HDC랩스,039570.KS
6,HDC현대산업개발,294870.KS
7,HMM,011200.KS
8,KEC,092220.KS
9,KG동부제철,016380.KS
10,KG케미칼,001390.KS
11,KTis,058860.KS
12,LG이노텍,011070.KS
13,LG헬로비전,037560.KS
14,LX하우시스,108670.KS
15,OCI,010060.KS
16,SK스퀘어,402340.KS
17,SK이노베이션,096770.KS
18,STX,011810.KS
19,WISCOM,024070.KS
20,갤럭시아에스엠,011420.KS
21,경농,002100.KS
22,경동인베스트,012320.KS
23,국도화학,007690.KS
24,국동,005320.KS
25,극동유화,014530.KS
26,대덕전자,353200.KS
27,대성산업,128820.KS
28,대우건설,047040.KS
29,대웅,003090.KS
30,덴티움,145720.KS
31,동아타이어,282690.KS
32,롯데정보통신,286940.KS
33,마니커,027740.KS
34,메리츠증권,008560.KS
35,명문제약,017180.KS
36,모두투어리츠,204210.KS
37,보령제약,003850.KS
38,부국증권,001270.KS
39,삼성SDI,006400.KS
40,삼성엔지니어링,028050.KS
41,삼성출판사,068290.KS
42,삼영화학공업,003720.KS
43,삼호개발,010960.KS
44,상상인증권,001290.KS
45,선진,136490.KS
46,세기상사,002420.KS
47,세방전지,004490.KS
48,센트럴인사이트,012600.KS
49,신한알파리츠,293940.KS
50,신한지주,055550.KS
51,쌍용자동차,003620.KS
52,에이블씨엔씨,078520.KS
53,영화금속,012280.KS
54,오뚜기,007310.KS
55,오리온,271560.KS
56,우진,105840.KS
57,윌비스,008600.KS
58,유나이티드,033270.KS
59,인지컨트롤스,023800.KS
60,인터지스,129260.KS
61,일성건설,013360.KS
62,일진다이아,081000.KS
63,자화전자,033240.KS
64,제일약품,271980.KS
65,제일파마홀딩스,002620.KS
66,조비,001550.KS
67,조흥,002600.KS
68,종근당홀딩스,001630.KS
69,지역난방공사,071320.KS
70,코오롱인더,120110.KS
71,콤텍시스템,031820.KS
72,키다리스튜디오,020120.KS
73,태경산업,015890.KS
74,태양금속공업,004100.KS
75,포스코,005490.KS
76,포스코강판,058430.KS
77,한국공항,005430.KS
78,한국패러랠,168490.KS
79,한샘,009240.KS
80,한솔로지스틱스,009180.KS
81,한일철강,002220.KS
82,한창제지,009460.KS
83,한화생명,088350.KS
84,현대건설,000720.KS
85,현대두산인프라코어,042670.KS
86,현대비앤지스틸,004560.KS
87,현대엘리베이터,017800.KS
88,현대차증권,001500.KS
89,호전실업,111110.KS
90,CJ대한통운,000120.KS
91,CJ제일제당,097950.KS
92,GS리테일,007070.KS
93,KB금융,105560.KS
94,KPX케미칼,025000.KS
95,KR모터스,000040.KS
96,KTcs,058850.KS
97,LS전선아시아,229640.KS
98,SK렌터카,068400.KS
99,SPC삼립,005610.KS
100,강원랜드,035250.KS
101,경동나비엔,009450.KS
102,교보증권,030610.KS
103,금강공업,014280.KS
104,금호건설,002990.KS
105,금호전기,001210.KS
106,기업은행,024110.KS
107,남성,004270.KS
108,넷마블,251270.KS
109,대구백화점,006370.KS
110,대영포장,014160.KS
111,대원제약,003220.KS
112,대한방직,001070.KS
113,대한제당,001790.KS
114,대한해운,005880.KS
115,덕양산업,024900.KS
116,동원F&B,049770.KS
117,동원금속,018500.KS
118,디씨엠,024090.KS
119,디앤디플랫폼리츠,377190.KS
120,디티알오토모티브,007340.KS
121,락앤락,115390.KS
122,무학,033920.KS
123,백산,035150.KS
124,보락,002760.KS
125,빙그레,005180.KS
126,사조대림,003960.KS
127,사조동아원,008040.KS
128,삼진제약,005500.KS
129,서원,021050.KS
130,세방,004360.KS
131,세아홀딩스,058650.KS
132,세우글로벌,013000.KS
133,세이브존I&C,067830.KS
134,솔루스첨단소재,336370.KS
135,신송홀딩스,006880.KS
136,신일전자,002700.KS
137,신풍제약,019170.KS
138,아세아,002030.KS
139,아이마켓코리아,122900.KS
140,아이에이치큐,003560.KS
141,에스디바이오센서,137310.KS
142,엔씨소프트,036570.KS
143,영보화학,014440.KS
144,영진약품,003520.KS
145,영풍,000670.KS
146,유니온머티리얼,047400.KS
147,이수화학,005950.KS
148,이스타코,015020.KS
149,이엔플러스,074610.KS
150,인디에프,014990.KS
151,인천도시가스,034590.KS
152,일동홀딩스,000230.KS
153,일진디스플,020760.KS
154,지엠비코리아,013870.KS
155,카카오뱅크,323410.KS
156,코리아써키트,007810.KS
157,코스모화학,005420.KS
158,코아스,071950.KS
159,코오롱,002020.KS
160,코오롱플라스틱,138490.KS
161,쿠쿠홀딩스,192400.KS
162,큐로,015590.KS
163,크래프톤,259960.KS
164,태영건설,009410.KS
165,티비에이치글로벌,084870.KS
166,포스코케미칼,003670.KS
167,하이트진로,000080.KS
168,한국금융지주,071050.KS
169,한국전자홀딩스,006200.KS
170,한국종합기술,023350.KS
171,한국주철관공업,000970.KS
172,한국콜마,161890.KS
173,한국타이어앤테크놀로지,161390.KS
174,한국프랜지공업,010100.KS
175,한온시스템,018880.KS
176,한올바이오파마,009420.KS
177,한일시멘트,300720.KS
178,해태제과식품,101530.KS
179,호텔신라,008770.KS
180,화승알앤에이,378850.KS
181,화승인더스트리,006060.KS
182,화천기공,000850.KS
183,환인제약,016580.KS
184,효성,004800.KS
185,효성화학,298000.KS
186,BGF리테일,282330.KS
187,BNK금융지주,138930.KS
188,GS건설,006360.KS
189,JW중외제약,001060.KS
190,KC코트렐,119650.KS
191,LG전자,066570.KS
192,MH에탄올,023150.KS
193,PI첨단소재,178920.KS
194,SBS,034120.KS
195,SG글로벌,001380.KS
196,SHD,001770.KS
197,SH에너지화학,002360.KS
198,SK,034730.KS
199,SK가스,018670.KS
200,SK리츠,395400.KS
201,STX중공업,071970.KS
202,YG PLUS,037270.KS
203,국제약품,002720.KS
204,금양,001570.KS
205,금호타이어,073240.KS
206,넥센타이어,002350.KS
207,녹십자홀딩스,005250.KS
208,농심홀딩스,072710.KS
209,다스코,058730.KS
210,다이나믹디자인,145210.KS
211,대한유화,006650.KS
212,더블유게임즈,192080.KS
213,덕성,004830.KS
214,도화엔지니어링,002150.KS
215,동방아그로,007590.KS
216,동서,026960.KS
217,동성케미컬,102260.KS
218,동양,001520.KS
219,동양생명,082640.KS
220,동양철관,008970.KS
221,디아이,003160.KS
222,디와이,013570.KS
223,롯데푸드,002270.KS
224,만도,204320.KS
225,맥쿼리인프라,088980.KS
226,메리츠금융지주,138040.KS
227,메타랩스,090370.KS
228,모토닉,009680.KS
229,미래에셋맵스리츠,357250.KS
230,미원화학,134380.KS
231,범양건영,002410.KS
232,베트남개발1,096300.KS
233,삼성바이오로직스,207940.KS
234,삼성에스디에스,018260.KS
235,삼성증권,016360.KS
236,삼성카드,029780.KS
237,삼양식품,003230.KS
238,삼양통상,002170.KS
239,삼영무역,002810.KS
240,삼일제약,000520.KS
241,삼정펄프,009770.KS
242,샘표식품,248170.KS
243,서연이화,200880.KS
244,성보화학,003080.KS
245,세아제강,306200.KS
246,송원산업,004430.KS
247,수산중공업,017550.KS
248,신도리코,029530.KS
249,신성이엔지,011930.KS
250,신세계인터내셔날,031430.KS
251,신세계푸드,031440.KS
252,신한서부티엔디리츠,404990.KS
253,쌍용씨앤이,003410.KS
254,씨아이테크,004920.KS
255,아이에스동서,010780.KS
256,아주스틸,139990.KS
257,애경산업,018250.KS
258,애경케미칼,161000.KS
259,에이프로젠 MED,007460.KS
260,엔에이치엔,181710.KS
261,엠씨넥스,097520.KS
262,우성,006980.KS
263,유니켐,011330.KS
264,유화증권,003460.KS
265,이구산업,025820.KS
266,이노션,214320.KS
267,이마트,139480.KS
268,일성신약,003120.KS
269,일정실업,008500.KS
270,제이에스코퍼레이션,194370.KS
271,제이준코스메틱,025620.KS
272,조선선재,120030.KS
273,종근당바이오,063160.KS
274,지누스,013890.KS
275,지투알,035000.KS
276,진도,088790.KS
277,진양화학,051630.KS
278,케이탑리츠,145270.KS
279,코스모신소재,005070.KS
280,태평양물산,007980.KS
281,텔코웨어,078000.KS
282,티와이홀딩스,363280.KS
283,팜스코,036580.KS
284,하이스틸,071090.KS
285,하이트론씨스템즈,019490.KS
286,한국수출포장공업,002200.KS
287,한국자산신탁,123890.KS
288,한국전력공사,015760.KS
289,한국주강,025890.KS
290,한국콜마홀딩스,024720.KS
291,한국항공우주,047810.KS
292,한라홀딩스,060980.KS
293,한미사이언스,008930.KS
294,한솔홀딩스,004150.KS
295,한신기계공업,011700.KS
296,한화에어로스페이스,012450.KS
297,현대글로비스,086280.KS
298,현대중공업,329180.KS
299,현대퓨처넷,126560.KS
300,효성 ITX,094280.KS
301,휴니드테크놀러지스,005870.KS
302,AJ네트웍스,095570.KS
303,DL건설,001880.KS
304,DSR제강,069730.KS
305,ESR켄달스퀘어리츠,365550.KS
306,HJ중공업,097230.KS
307,KPX홀딩스,092230.KS
308,KSS해운,044450.KS
309,LG생활건강,051900.KS
310,LG화학,051910.KS
311,LIG넥스원,079550.KS
312,LS,006260.KS
313,NAVER,035420.KS
314,NH투자증권,005940.KS
315,NICE,034310.KS
316,NI스틸,008260.KS
317,SK네트웍스,001740.KS
318,SK증권,001510.KS
319,SK텔레콤,017670.KS
320,SNT에너지,100840.KS
321,경인양행,012610.KS
322,경인전자,009140.KS
323,기신정기,092440.KS
324,까뮤이앤씨,013700.KS
325,남선알미늄,008350.KS
326,농심,004370.KS
327,대덕,008060.KS
328,대동전자,008110.KS
329,대림비앤코,005750.KS
330,대양금속,009190.KS
331,대웅제약,069620.KS
332,대창,012800.KS
333,대한전선,001440.KS
334,대한항공,003490.KS
335,동국제강,001230.KS
336,동화약품,000020.KS
337,두산,000150.KS
338,두산밥캣,241560.KS
339,디아이동일,001530.KS
340,디아이씨,092200.KS
341,롯데관광개발,032350.KS
342,롯데정밀화학,004000.KS
343,롯데칠성음료,005300.KS
344,롯데케미칼,011170.KS
345,맵스리얼티1,094800.KS
346,미래아이앤지,007120.KS
347,미래에셋글로벌리츠,396690.KS
348,바다로19호,155900.KS
349,부산산업,011390.KS
350,부산주공,005030.KS
351,사조산업,007160.KS
352,사조씨푸드,014710.KS
353,삼성전자,005930.KS
354,삼성제약,001360.KS
355,삼양사,145990.KS
356,삼원강재,023000.KS
357,삼익THK,004380.KS
358,삼화왕관,004450.KS
359,서연,007860.KS
360,세아특수강,019440.KS
361,세원정공,021820.KS
362,세진중공업,075580.KS
363,셀트리온,068270.KS
364,스틱인베스트먼트,026890.KS
365,신성통상,005390.KS
366,써니전자,004770.KS
367,쎌마테라퓨틱스,015540.KS
368,아모레퍼시픽,090430.KS
369,아세아제지,002310.KS
370,에넥스,011090.KS
371,에스제이엠,123700.KS
372,엔케이,085310.KS
373,엔피씨,004250.KS
374,영원무역,111770.KS
375,영원무역홀딩스,009970.KS
376,용평리조트,070960.KS
377,우리들휴브레인,118000.KS
378,우신시스템,017370.KS
379,우진플라임,049800.KS
380,유니드,014830.KS
381,유안타증권,003470.KS
382,유진증권,001200.KS
383,이건산업,008250.KS
384,이연제약,102460.KS
385,인스코비,006490.KS
386,조광페인트,004910.KS
387,조선내화,000480.KS
388,진에어,272450.KS
389,참엔지니어링,009310.KS
390,케이씨씨,002380.KS
391,케이씨씨글라스,344820.KS
392,코오롱글로벌,003070.KS
393,태경케미컬,006890.KS
394,토니모리,214420.KS
395,퍼시스,016800.KS
396,페이퍼코리아,001020.KS
397,폴루스바이오팜,007630.KS
398,플레이그램,009810.KS
399,하나제약,293480.KS
400,한국내화,010040.KS
401,한국철강,104700.KS
402,한국화장품제조,003350.KS
403,한미글로벌,053690.KS
404,한솔피엔에스,010420.KS
405,한신공영,004960.KS
406,한양증권,001750.KS
407,한진,002320.KS
408,한진중공업홀딩스,003480.KS
409,한화,000880.KS
410,현대건설기계,267270.KS
411,현대에너지솔루션,322000.KS
412,현대일렉트릭,267260.KS
413,현대제철,004020.KS
414,화승코퍼레이션,013520.KS
415,황금에스티,032560.KS
416,효성첨단소재,298050.KS
417,AK홀딩스,006840.KS
418,CJ,001040.KS
419,CJ씨푸드,011150.KS
420,DB금융투자,016610.KS
421,DGB금융지주,139130.KS
422,HDC,012630.KS
423,KISCO홀딩스,001940.KS
424,KTB투자증권,030210.KS
425,LG디스플레이,034220.KS
426,LX인터내셔널,001120.KS
427,NH프라임리츠,338100.KS
428,S-Oil,010950.KS
429,SK바이오사이언스,302440.KS
430,SK케미칼,285130.KS
431,SK하이닉스,000660.KS
432,SNT모티브,064960.KS
433,계룡건설산업,013580.KS
434,고려아연,010130.KS
435,기아,000270.KS
436,남양유업,003920.KS
437,남해화학,025860.KS
438,노루페인트,090350.KS
439,녹십자,006280.KS
440,대상,001680.KS
441,대성에너지,117580.KS
442,대성홀딩스,016710.KS
443,대한제강,084010.KS
444,더존비즈온,012510.KS
445,두산퓨얼셀,336260.KS
446,롯데쇼핑,023530.KS
447,롯데하이마트,071840.KS
448,만호제강,001080.KS
449,모나미,005360.KS
450,문배철강,008420.KS
451,미래에셋생명,085620.KS
452,미래에셋증권,006800.KS
453,미창석유공업,003650.KS
454,백광산업,001340.KS
455,벽산,007210.KS
456,부광약품,003000.KS
457,부국철강,026940.KS
458,비비안,002070.KS
459,비상교육,100220.KS
460,삼부토건,001470.KS
461,삼성공조,006660.KS
462,삼성생명,032830.KS
463,삼성전기,009150.KS
464,삼양패키징,272550.KS
465,삼일씨엔에스,004440.KS
466,삼화전기,009470.KS
467,삼화페인트공업,000390.KS
468,샘표,007540.KS
469,서흥,008490.KS
470,성안,011300.KS
471,세아베스틸,001430.KS
472,세하,027970.KS
473,신라교역,004970.KS
474,신세계건설,034300.KS
475,신영와코루,005800.KS
476,신영증권,001720.KS
477,신원,009270.KS
478,신풍제지,002870.KS
479,아세아시멘트,183190.KS
480,아시아나IDT,267850.KS
481,에스엘,005850.KS
482,에어부산,298690.KS
483,엘브이엠씨,900140.KS
484,우리금융지주,316140.KS
485,웰바이오텍,010600.KS
486,유니온,000910.KS
487,유한양행,000100.KS
488,이리츠코크렙,088260.KS
489,이월드,084680.KS
490,일진전기,103590.KS
491,제일기획,030000.KS
492,제일연마,001560.KS
493,조광피혁,004700.KS
494,조일알미늄,018470.KS
495,카카오,035720.KS
496,케이씨텍,281820.KS
497,케이씨티시,009070.KS
498,케이카,381970.KS
499,케이티,030200.KS
500,코리안리,003690.KS
501,쿠쿠홈시스,284740.KS
502,크라운제과,264900.KS
503,크라운해태홀딩스,005740.KS
504,태광산업,003240.KS
505,태림포장,011280.KS
506,태원물산,001420.KS
507,티에이치엔,019180.KS
508,퍼스텍,010820.KS
509,하나투어,039130.KS
510,하이브,352820.KS
511,한국석유공업,004090.KS
512,한국조선해양,009540.KS
513,한국토지신탁,034830.KS
514,한독,002390.KS
515,한세엠케이,069640.KS
516,한솔제지,213500.KS
517,한솔케미칼,014680.KS
518,한솔테크닉스,004710.KS
519,한일현대시멘트,006390.KS
520,한전기술,052690.KS
521,한화시스템,272210.KS
522,해성디에스,195870.KS
523,현대리바트,079430.KS
524,현대백화점,069960.KS
525,형지엘리트,093240.KS
526,혜인,003010.KS
527,화성산업,002460.KS
528,휴비스,079980.KS
529,BGF,027410.KS
530,CS홀딩스,000590.KS
531,DB,012030.KS
532,E1,017940.KS
533,F&F,383220.KS
534,F&F 홀딩스,007700.KS
535,KC그린홀딩스,009440.KS
536,LG유플러스,032640.KS
537,NH올원리츠,400760.KS
538,SGC에너지,005090.KS
539,SNT중공업,003570.KS
540,SNT홀딩스,036530.KS
541,STX엔진,077970.KS
542,경동도시가스,267290.KS
543,경방,000050.KS
544,고려제강,002240.KS
545,광동제약,009290.KS
546,광주신세계,037710.KS
547,교촌에프앤비,339770.KS
548,국보,001140.KS
549,금비,008870.KS
550,금호석유화학,011780.KS
551,대림통상,006570.KS
552,대신증권,003540.KS
553,대원강업,000430.KS
554,대원전선,006340.KS
555,대원화성,024890.KS
556,대유에이텍,002880.KS
557,동부건설,005960.KS
558,동성제약,002210.KS
559,동아에스티,170900.KS
560,동양고속,084670.KS
561,동원수산,030720.KS
562,동일제강,002690.KS
563,메리츠화재,000060.KS
564,미원에스씨,268280.KS
565,삼성중공업,010140.KS
566,삼양홀딩스,000070.KS
567,삼익악기,002450.KS
568,삼천리,004690.KS
569,서울식품공업,004410.KS
570,성창기업지주,000180.KS
571,세아제강지주,003030.KS
572,세원이앤씨,091090.KS
573,세종공업,033530.KS
574,시디즈,134790.KS
575,알루코,001780.KS
576,에스제이엠홀딩스,025530.KS
577,엔에스쇼핑,138250.KS
578,유성기업,002920.KS
579,이수페타시스,007660.KS
580,이아이디,093230.KS
581,일진홀딩스,015860.KS
582,자이에스앤디,317400.KS
583,제이알글로벌리츠,348950.KS
584,제이콘텐트리,036420.KS
585,진양폴리우레탄,010640.KS
586,카카오페이,377300.KS
587,케이씨,029460.KS
588,코람코에너지리츠,357120.KS
589,코스맥스,192820.KS
590,코스맥스비티아이,044820.KS
591,키움증권,039490.KS
592,태경비케이,014580.KS
593,티웨이항공,091810.KS
594,팜젠사이언스,004720.KS
595,팬오션,028670.KS
596,평화산업,090080.KS
597,포스코인터내셔널,047050.KS
598,하이골드3호,153360.KS
599,한국ANKOR유전,152550.KS
600,한국화장품,123690.KS
601,한라,014790.KS
602,한미반도체,042700.KS
603,한섬,020000.KS
604,한세실업,105630.KS
605,한솔홈데코,025750.KS
606,한전산업,130660.KS
607,한화손해보험,000370.KS
608,한화솔루션,009830.KS
609,핸즈코퍼레이션,143210.KS
610,현대모비스,012330.KS
611,현대중공업지주,267250.KS
612,화승엔터프라이즈,241590.KS
613,화인베스틸,133820.KS
614,화천기계,010660.KS
615,효성티앤씨,298020.KS
616,후성,093370.KS
617,휠라홀딩스,081660.KS
618,휴스틸,005010.KS
619,CJ CGV,079160.KS
620,DB하이텍,000990.KS
621,DL이앤씨,375500.KS
622,HDC현대EP,089470.KS
623,HSD엔진,082740.KS
624,LF,093050.KS
625,SG세계물산,004060.KS
626,SIMPAC,009160.KS
627,SKC,011790.KS
628,SK디앤디,210980.KS
629,SK아이이테크놀로지,361610.KS
630,SUN&L,002820.KS
631,TCC스틸,002710.KS
632,TYM,002900.KS
633,가온전선,000500.KS
634,경보제약,214390.KS
635,고려산업,002140.KS
636,광전자,017900.KS
637,남광토건,001260.KS
638,넥센,005720.KS
639,다우기술,023590.KS
640,대교,019680.KS
641,대유플러스,000300.KS
642,대한제분,001130.KS
643,대한화섬,003830.KS
644,대호에이엘,069460.KS
645,동남합성,023450.KS
646,동방,004140.KS
647,동양피스톤,092780.KS
648,동원산업,006040.KS
649,동원시스템즈,014820.KS
650,두산중공업,034020.KS
651,디와이파워,210540.KS
652,롯데렌탈,089860.KS
653,롯데리츠,330590.KS
654,명신산업,009900.KS
655,무림P&P,009580.KS
656,미원상사,002840.KS
657,방림,003610.KS
658,사조오양,006090.KS
659,삼성화재해상보험,000810.KS
660,삼아알미늄,006110.KS
661,삼영전자공업,005680.KS
662,삼화전자공업,011230.KS
663,새론오토모티브,075180.KS
664,성문전자,014910.KS
665,센트랄모텍,308170.KS
666,솔루엠,248070.KS
667,신대양제지,016590.KS
668,신세계,004170.KS
669,신세계I&C,035510.KS
670,쌍방울,102280.KS
671,아남전자,008700.KS
672,에스원,012750.KS
673,에쓰씨엔지니어링,023960.KS
674,에이엔피,015260.KS
675,영흥,012160.KS
676,오리엔트바이오,002630.KS
677,오리온홀딩스,001800.KS
678,와이투솔루션,011690.KS
679,웅진,016880.KS
680,원림,005820.KS
681,유니퀘스트,077500.KS
682,이지스밸류플러스리츠,334890.KS
683,인바이오젠,101140.KS
684,일동제약,249420.KS
685,일신석재,007110.KS
686,일양약품,007570.KS
687,일진머티리얼즈,020150.KS
688,주연테크,044380.KS
689,컨버즈,109070.KS
690,케이비아이동국실업,001620.KS
691,케이티스카이라이프,053210.KS
692,코웨이,021240.KS
693,테이팩스,055490.KS
694,티웨이홀딩스,004870.KS
695,파미셀,005690.KS
696,풀무원,017810.KS
697,풍산홀딩스,005810.KS
698,프레스티지바이오파마,950210.KS
699,하이트진로홀딩스,000140.KS
700,한국단자공업,025540.KS
701,한국앤컴퍼니,000240.KS
702,한국카본,017960.KS
703,한농화성,011500.KS
704,한미약품,128940.KS
705,한전KPS,051600.KS
706,한화투자증권,003530.KS
707,현대약품,004310.KS
708,현대오토에버,307950.KS
709,현대해상,001450.KS
710,현대홈쇼핑,057050.KS
711,효성중공업,298040.KS
712,휴켐스,069260.KS
713,BYC,001460.KS
714,DB손해보험,005830.KS
715,GKL,114090.KS
716,JB금융지주,175330.KS
717,JW생명과학,234080.KS
718,JW홀딩스,096760.KS
719,KH 필룩스,033180.KS
720,LG,003550.KS
721,LS네트웍스,000680.KS
722,LX홀딩스,383800.KS
723,SK디스커버리,006120.KS
724,강남제비스코,000860.KS
725,계양전기,012200.KS
726,광명전기,017040.KS
727,그린케미칼,083420.KS
728,금호에이치티,214330.KS
729,깨끗한나라,004540.KS
730,넥스트사이언스,003580.KS
731,노루홀딩스,000320.KS
732,대동,000490.KS
733,대상홀딩스,084690.KS
734,대우부품,009320.KS
735,대우조선해양,042660.KS
736,대창단조,015230.KS
737,대현,016090.KS
738,동아쏘시오홀딩스,000640.KS
739,동아지질,028100.KS
740,동일고무벨트,163560.KS
741,동일산업,004890.KS
742,두올,016740.KS
743,드림텍,192650.KS
744,롯데손해보험,000400.KS
745,롯데제과,280360.KS
746,롯데지주,004990.KS
747,모나리자,012690.KS
748,무림페이퍼,009200.KS
749,미래산업,025560.KS
750,미원홀딩스,107590.KS
751,보해양조,000890.KS
752,비케이탑스,030790.KS
753,삼성물산,028260.KS
754,삼화콘덴서공업,001820.KS
755,상신브레이크,041650.KS
756,서울도시가스,017390.KS
757,선도전기,007610.KS
758,성신양회,004980.KS
759,신흥,004080.KS
760,씨에스윈드,112610.KS
761,아모레퍼시픽그룹,002790.KS
762,아센디오,012170.KS
763,아시아나항공,020560.KS
764,에스케이바이오팜,326030.KS
765,에이리츠,140910.KS
766,에이프로젠제약,003060.KS
767,에이플러스에셋,244920.KS
768,엔에이치스팩19호,380440.KS
769,엘에스일렉트릭,010120.KS
770,영풍제지,006740.KS
771,예스코홀딩스,015360.KS
772,우리종금,010050.KS
773,우진아이엔에스,010400.KS
774,웅진씽크빅,095720.KS
775,유수홀딩스,000700.KS
776,유엔젤,072130.KS
777,유유제약,000220.KS
778,율촌화학,008730.KS
779,이지스레지던스리츠,350520.KS
780,이화산업,000760.KS
781,인팩,023810.KS
782,일신방직,003200.KS
783,일진하이솔루스,271940.KS
784,잇츠한불,226320.KS
785,전방,000950.KS
786,제주은행,006220.KS
787,제주항공,089590.KS
788,종근당,185750.KS
789,지코,010580.KS
790,진양산업,003780.KS
791,진양홀딩스,100250.KS
792,진원생명과학,011000.KS
793,진흥기업,002780.KS
794,천일고속,000650.KS
795,체시스,033250.KS
796,카프로,006380.KS
797,케이티앤지,033780.KS
798,평화홀딩스,010770.KS
799,풍산,103140.KS
800,하나금융지주,086790.KS
801,한국가스공사,036460.KS
802,한국쉘석유,002960.KS
803,한국특강,007280.KS
804,한성기업,003680.KS
805,한세예스24홀딩스,016450.KS
806,한익스프레스,014130.KS
807,한일홀딩스,003300.KS
808,한진칼,180640.KS
809,한창,005110.KS
810,한컴라이프케어,372910.KS
811,현대그린푸드,005440.KS
812,현대로템,064350.KS
813,현대미포조선,010620.KS
814,현대위아,011210.KS
815,현대자동차,005380.KS
816,현대코퍼레이션,011760.KS
817,현대코퍼레이션홀딩스,227840.KS
818,화신,010690.KS
819,흥국화재,000540.KS
820,흥아해운,003280.KS
0,3S,060310.KQ
1,CJ 바이오사이언스,311690.KQ
2,EDGC,245620.KQ
3,ES큐브,050120.KQ
4,ISC,095340.KQ
5,JW신약,067290.KQ
6,KB오토시스,024120.KQ
7,KH바텍,060720.KQ
8,PN풍년,024940.KQ
9,SCI평가정보,036120.KQ
10,TJ미디어,032540.KQ
11,강스템바이오텍,217730.KQ
12,경남제약,053950.KQ
13,경창산업,024910.KQ
14,교보9호스팩,331520.KQ
15,국순당,043650.KQ
16,국일제지,078130.KQ
17,그리티,204020.KQ
18,글로본,019660.KQ
19,까스텔바작,308100.KQ
20,나노브릭,286750.KQ
21,네오리진,094860.KQ
22,네오위즈,095660.KQ
23,네오티스,085910.KQ
24,네이처셀,007390.KQ
25,농우바이오,054050.KQ
26,뉴인텍,012340.KQ
27,다보링크,340360.KQ
28,대봉엘에스,078140.KQ
29,대유,290380.KQ
30,대유에이피,290120.KQ
31,대주산업,003310.KQ
32,대한그린파워,060900.KQ
33,대한약품,023910.KQ
34,동구바이오제약,006620.KQ
35,동국제약,086450.KQ
36,드림시큐리티,203650.KQ
37,디에이테크놀로지,196490.KQ
38,디에이피,066900.KQ
39,디엔에이링크,127120.KQ
40,디지틀조선,033130.KQ
41,레몬,294140.KQ
42,룽투코리아,060240.KQ
43,링크제니시스,219420.KQ
44,메디포스트,078160.KQ
45,모비스,250060.KQ
46,모트렉스,118990.KQ
47,미래에셋대우스팩3호,328380.KQ
48,미코바이오메드,214610.KQ
49,베뉴지,019010.KQ
50,브랜드엑스코퍼레이션,337930.KQ
51,삼보판지,023600.KQ
52,삼성스팩4호,377630.KQ
53,삼아제약,009300.KQ
54,삼일,032280.KQ
55,샘씨엔에스,252990.KQ
56,선진뷰티사이언스,086710.KQ
57,성창오토텍,080470.KQ
58,세코닉스,053450.KQ
59,셀바스헬스케어,208370.KQ
60,슈피겐코리아,192440.KQ
61,스타플렉스,115570.KQ
62,스페코,013810.KQ
63,시티랩스,139050.KQ
64,신영스팩6호,344050.KQ
65,쌍용정보통신,010280.KQ
66,썸에이지,208640.KQ
67,씨케이에이치,900120.KQ
68,아이비김영,339950.KQ
69,아이센스,099190.KQ
70,아이씨케이,068940.KQ
71,아이에스이커머스,069920.KQ
72,아이즈비전,031310.KQ
73,아이컴포넌트,059100.KQ
74,아이티센,124500.KQ
75,알비더블유,361570.KQ
76,알에프세미,096610.KQ
77,알에프텍,061040.KQ
78,알파홀딩스,117670.KQ
79,애니플러스,310200.KQ
80,앤디포스,238090.KQ
81,앱클론,174900.KQ
82,어보브반도체,102120.KQ
83,에스아이리소스,065420.KQ
84,에스앤더블류,103230.KQ
85,에스에너지,095910.KQ
86,에스에이티이엔지,351320.KQ
87,에스에프에이,056190.KQ
88,에쎈테크,043340.KQ
89,에이디테크놀로지,200710.KQ
90,에이스토리,241840.KQ
91,에이텍티앤,224110.KQ
92,에이티넘인베스트,021080.KQ
93,엑세스바이오,950130.KQ
94,엑시콘,092870.KQ
95,엔시트론,101400.KQ
96,엔에스엔,031860.KQ
97,엔에이치스팩18호,365590.KQ
98,엔케이맥스,182400.KQ
99,엔투텍,227950.KQ
100,엠게임,058630.KQ
101,엠벤처투자,019590.KQ
102,연이비앤티,090740.KQ
103,영화테크,265560.KQ
104,예스티,122640.KQ
105,오공,045060.KQ
106,오디텍,080520.KQ
107,오스템임플란트,048260.KQ
108,오픈베이스,049480.KQ
109,옵티시스,109080.KQ
110,옵티팜,153710.KQ
111,원준,382840.KQ
112,웰크론,065950.KQ
113,위지트,036090.KQ
114,유네코,064510.KQ
115,유니온커뮤니티,203450.KQ
116,유니테크노,241690.KQ
117,유성티엔에스,024800.KQ
118,유신,054930.KQ
119,유아이엘,049520.KQ
120,유안타제5호스팩,336060.KQ
121,유안타제7호스팩,367460.KQ
122,유테크,178780.KQ
123,유티아이,179900.KQ
124,이베스트스팩5호,349720.KQ
125,이스트소프트,047560.KQ
126,이엠넷,123570.KQ
127,이지바이오,353810.KQ
128,인텍플러스,064290.KQ
129,인포바인,115310.KQ
130,일승,333430.KQ
131,잉크테크,049550.KQ
132,자비스,254120.KQ
133,자이글,234920.KQ
134,정상제이엘에스,040420.KQ
135,제우스,079370.KQ
136,제이씨케미칼,137950.KQ
137,제이씨현시스템,033320.KQ
138,제이엘케이,322510.KQ
139,제이엠티,094970.KQ
140,제주반도체,080220.KQ
141,조아제약,034940.KQ
142,주성엔지니어링,036930.KQ
143,지니언스,263860.KQ
144,지더블유바이텍,036180.KQ
145,지엔씨에너지,119850.KQ
146,초록뱀컴퍼니,052300.KQ
147,캐스텍코리아,071850.KQ
148,케이비제20호스팩,342550.KQ
149,케이프이에스제4호,347140.KQ
150,케이피엠테크,042040.KQ
151,케이피티유,054410.KQ
152,켄코아에어로스페이스,274090.KQ
153,코스나인,082660.KQ
154,코스온,069110.KQ
155,코오롱생명과학,102940.KQ
156,코퍼스코리아,322780.KQ
157,크로바하이텍,043590.KQ
158,키네마스터,139670.KQ
159,테스나,131970.KQ
160,텔콘RF제약,200230.KQ
161,토탈소프트,045340.KQ
162,트루윈,105550.KQ
163,특수건설,026150.KQ
164,티앤알바이오팹,246710.KQ
165,파라텍,033540.KQ
166,파커스,065690.KQ
167,패션플랫폼,225590.KQ
168,포인트엔지니어링,256630.KQ
169,포티스,141020.KQ
170,푸드웰,005670.KQ
171,프로스테믹스,203690.KQ
172,프롬바이오,377220.KQ
173,피델릭스,032580.KQ
174,피에스엠씨,024850.KQ
175,피에스케이,319660.KQ
176,피에스케이홀딩스,031980.KQ
177,피제이전자,006140.KQ
178,필옵틱스,161580.KQ
179,하나금융15호스팩,341160.KQ
180,하나금융19호스팩,388220.KQ
181,하이즈항공,221840.KQ
182,한국경제TV,039340.KQ
183,한국맥널티,222980.KQ
184,한국선재,025550.KQ
185,한국테크놀로지,053590.KQ
186,한솔인티큐브,070590.KQ
187,한양디지텍,078350.KQ
188,한화플러스제2호스팩,386580.KQ
189,현대무벡스,319400.KQ
190,현대바이오,048410.KQ
191,현대바이오랜드,052260.KQ
192,화성밸브,039610.KQ
193,휴림로봇,090710.KQ
194,휴온스글로벌,084110.KQ
195,희림,037440.KQ
196,APS홀딩스,054620.KQ
197,CBI,013720.KQ
198,CS,065770.KQ
199,CSA 코스믹,083660.KQ
200,HLB생명과학,067630.KQ
201,HRS,036640.KQ
202,NHN벅스,104200.KQ
203,NICE평가정보,030190.KQ
204,RF머트리얼즈,327260.KQ
205,SNK,950180.KQ
206,갤럭시아머니트리,094480.KQ
207,고영,098460.KQ
208,광림,014200.KQ
209,국영지앤엠,006050.KQ
210,나노엔텍,039860.KQ
211,나이벡,138610.KQ
212,남화토건,091590.KQ
213,네오팜,092730.KQ
214,넥스틴,348210.KQ
215,넵튠,217270.KQ
216,노바렉스,194700.KQ
217,누리플렉스,040160.KQ
218,뉴로스,126870.KQ
219,뉴파워프라즈마,144960.KQ
220,대성파인텍,104040.KQ
221,대아티아이,045390.KQ
222,대양제지,006580.KQ
223,대창솔루션,096350.KQ
224,대한과학,131220.KQ
225,더네이쳐홀딩스,298540.KQ
226,덕산네오룩스,213420.KQ
227,동국S&C,100130.KQ
228,동국산업,005160.KQ
229,동아엘텍,088130.KQ
230,디딤,217620.KQ
231,디알텍,214680.KQ
232,디엔에프,092070.KQ
233,디오,039840.KQ
234,디지캡,197140.KQ
235,딜리,131180.KQ
236,딥노이드,315640.KQ
237,레드캡투어,038390.KQ
238,레이언스,228850.KQ
239,로스웰,900260.KQ
240,루트로닉,085370.KQ
241,리더스코스메틱,016100.KQ
242,릭스솔루션,029480.KQ
243,매일홀딩스,005990.KQ
244,맥스트,377030.KQ
245,머큐리,100590.KQ
246,메가엠디,133750.KQ
247,메디프론,065650.KQ
248,메타바이오메드,059210.KQ
249,멕아이씨에스,058110.KQ
250,모두투어,080160.KQ
251,무림SP,001810.KQ
252,미래에셋벤처투자,100790.KQ
253,바이오로그디바이스,208710.KQ
254,부스타,008470.KQ
255,비덴트,121800.KQ
256,비트컴퓨터,032850.KQ
257,비피도,238200.KQ
258,삼륭물산,014970.KQ
259,삼양옵틱스,225190.KQ
260,삼일기업공사,002290.KQ
261,삼지전자,037460.KQ
262,삼표시멘트,038500.KQ
263,삼화네트웍스,046390.KQ
264,상보,027580.KQ
265,상신이디피,091580.KQ
266,상지카일룸,042940.KQ
267,서울리거,043710.KQ
268,성우하이텍,015750.KQ
269,세경하이테크,148150.KQ
270,세명전기,017510.KQ
271,셀바스AI,108860.KQ
272,솔고바이오,043100.KQ
273,솔루에타,154040.KQ
274,솔브레인,357780.KQ
275,슈프리마,236200.KQ
276,시스웍,269620.KQ
277,신한제6호스팩,333050.KQ
278,쎄트렉아이,099320.KQ
279,씨앤씨인터내셔널,352480.KQ
280,씨앤투스성진,352700.KQ
281,아가방컴퍼니,013990.KQ
282,아모텍,052710.KQ
283,아미코젠,092040.KQ
284,아스플로,159010.KQ
285,아이엠,101390.KQ
286,아이퀘스트,262840.KQ
287,아프리카TV,067160.KQ
288,액트로,290740.KQ
289,얍엑스,060230.KQ
290,에스에스알,275630.KQ
291,에스엘바이오닉스,214310.KQ
292,에스티팜,237690.KQ
293,에이프로젠 H&G,109960.KQ
294,에코마케팅,230360.KQ
295,에프알텍,073540.KQ
296,엠에프엠코리아,323230.KQ
297,엠투엔,033310.KQ
298,영신금속,007530.KQ
299,영풍정밀,036560.KQ
300,예림당,036000.KQ
301,오르비텍,046120.KQ
302,오성첨단소재,052420.KQ
303,와이더플래닛,321820.KQ
304,와이지-원,019210.KQ
305,우리로,046970.KQ
306,우리손에프앤지,073560.KQ
307,우림피티에스,101170.KQ
308,우수AMS,066590.KQ
309,원일특강,012620.KQ
310,윈하이텍,192390.KQ
311,윌링스,313760.KQ
312,유니테스트,086390.KQ
313,유안타제8호스팩,367480.KQ
314,이글루시큐리티,067920.KQ
315,이글벳,044960.KQ
316,이녹스,088390.KQ
317,이더블유케이,258610.KQ
318,이랜시스,264850.KQ
319,이삭엔지니어링,351330.KQ
320,이엔코퍼레이션,066980.KQ
321,이지케어텍,099750.KQ
322,인바디,041830.KQ
323,인선이엔티,060150.KQ
324,인트론바이오,048530.KQ
325,인포뱅크,039290.KQ
326,전진바이오팜,110020.KQ
327,정다운,208140.KQ
328,정산애강,022220.KQ
329,정원엔시스,045510.KQ
330,제놀루션,225220.KQ
331,제이시스메디칼,287410.KQ
332,제일바이오,052670.KQ
333,제일제강,023440.KQ
334,젬백스지오,041590.KQ
335,조이시티,067000.KQ
336,지나인제약,078650.KQ
337,지니뮤직,043610.KQ
338,지니틱스,303030.KQ
339,천보,278280.KQ
340,케이비제18호스팩,323940.KQ
341,케이씨피드,025880.KQ
342,케이엔더블유,105330.KQ
343,코데즈컴바인,047770.KQ
344,코드네이처,078940.KQ
345,코리아센터,290510.KQ
346,코리아에셋투자증권,190650.KQ
347,코메론,049430.KQ
348,코미팜,041960.KQ
349,코아시아,045970.KQ
350,코아시아옵틱스,196450.KQ
351,코위버,056360.KQ
352,크루셜텍,114120.KQ
353,클리노믹스,352770.KQ
354,태광,023160.KQ
355,테고사이언스,191420.KQ
356,테라사이언스,073640.KQ
357,테라젠이텍스,066700.KQ
358,토박스코리아,215480.KQ
359,파멥신,208340.KQ
360,파수,150900.KQ
361,파인디지털,038950.KQ
362,파트론,091700.KQ
363,팬엔터테인먼트,068050.KQ
364,펌텍코리아,251970.KQ
365,풍강,093380.KQ
366,플레이디,237820.KQ
367,피엔티,137400.KQ
368,피코그램,376180.KQ
369,픽셀플러스,087600.KQ
370,핌스,347770.KQ
371,핑거,163730.KQ
372,하나금융14호스팩,332710.KQ
373,하이제7호스팩,400840.KQ
374,한국바이오젠,318000.KQ
375,한국정보인증,053300.KQ
376,한국컴퓨터,054040.KQ
377,한국코퍼레이션,050540.KQ
378,한빛소프트,047080.KQ
379,한일단조,024740.KQ
380,한일화학,007770.KQ
381,한창바이오텍,043090.KQ
382,한컴MDS,086960.KQ
383,해성티피씨,059270.KQ
384,현대이지웰,090850.KQ
385,현진소재,053660.KQ
386,형지I&C,011080.KQ
387,휴네시온,290270.KQ
388,휴센텍,215090.KQ
389,흥국에프엔비,189980.KQ
390,CNT85,056730.KQ
391,IBKS제12호스팩,335870.KQ
392,JTC,950170.KQ
393,KBI메탈,024840.KQ
394,KCC건설,021320.KQ
395,KCI,036670.KQ
396,KG ETS,151860.KQ
397,NEW,160550.KQ
398,SBI핀테크솔루션즈,950110.KQ
399,SGA솔루션즈,184230.KQ
400,THQ,192410.KQ
401,WI,073570.KQ
402,iMBC,052220.KQ
403,강원에너지,114190.KQ
404,고려시멘트,198440.KQ
405,고려제약,014570.KQ
406,국일신동,060480.KQ
407,국전약품,307750.KQ
408,나노,187790.KQ
409,나노신소재,121600.KQ
410,나무가,190510.KQ
411,나인테크,267320.KQ
412,남화산업,111710.KQ
413,넥스트아이,137940.KQ
414,노터스,278650.KQ
415,녹원씨엔아이,065560.KQ
416,다산네트웍스,039560.KQ
417,대명소노시즌,007720.KQ
418,대성미생물,036480.KQ
419,대원산업,005710.KQ
420,더블유에스아이,299170.KQ
421,덕신하우징,090410.KQ
422,도이치모터스,067990.KQ
423,동일기연,032960.KQ
424,듀오백,073190.KQ
425,디와이씨,310870.KQ
426,디지아이,043360.KQ
427,디지털대성,068930.KQ
428,디케이락,105740.KQ
429,디티앤씨,187220.KQ
430,래몽래인,200350.KQ
431,레고켐바이오,141080.KQ
432,레드로버,060300.KQ
433,로보스타,090360.KQ
434,리더스 기술투자,019570.KQ
435,리드코프,012700.KQ
436,메디앙스,014100.KQ
437,메디콕스,054180.KQ
438,메카로,241770.KQ
439,미래컴퍼니,049950.KQ
440,바이옵트로,222160.KQ
441,박셀바이오,323990.KQ
442,베셀,177350.KQ
443,보라티알,250000.KQ
444,브레인즈컴퍼니,099390.KQ
445,브리지텍,064480.KQ
446,브이티지엠피,018290.KQ
447,비즈니스온,138580.KQ
448,비투엔,307870.KQ
449,삼목에스폼,018310.KQ
450,삼진엘앤디,054090.KQ
451,삼천리자전거,024950.KQ
452,삼현철강,017480.KQ
453,서산,079650.KQ
454,성호전자,043260.KQ
455,세영디앤씨,052190.KQ
456,세운메디칼,100700.KQ
457,세종메디칼,258830.KQ
458,세종텔레콤,036630.KQ
459,솔브레인홀딩스,036830.KQ
460,수산아이앤티,050960.KQ
461,스카이이앤엠,131100.KQ
462,스포츠서울,039670.KQ
463,시공테크,020710.KQ
464,시큐브,131090.KQ
465,신도기연,290520.KQ
466,신일제약,012790.KQ
467,신테카바이오,226330.KQ
468,쎄노텍,222420.KQ
469,씨큐브,101240.KQ
470,씨티케이,260930.KQ
471,아래스,050320.KQ
472,아모센스,357580.KQ
473,아스타,246720.KQ
474,아이디피,332370.KQ
475,아이씨디,040910.KQ
476,아즈텍WB,032080.KQ
477,아진산업,013310.KQ
478,안트로젠,065660.KQ
479,알체라,347860.KQ
480,알티캐스트,085810.KQ
481,애니젠,196300.KQ
482,얼라인드,238120.KQ
483,에스맥,097780.KQ
484,에스앤디,260970.KQ
485,에스제이그룹,306040.KQ
486,에스트래픽,234300.KQ
487,에스퓨얼셀,288620.KQ
488,에이비엘바이오,298380.KQ
489,에이스침대,003800.KQ
490,에코플라스틱,038110.KQ
491,엑셈,205100.KQ
492,엔지스테크널러지,208860.KQ
493,엔지켐생명과학,183490.KQ
494,엔텔스,069410.KQ
495,엘디티,096870.KQ
496,엘컴텍,037950.KQ
497,엠피대산,065150.KQ
498,영림원소프트랩,060850.KQ
499,오리엔트정공,065500.KQ
500,오텍,067170.KQ
501,와이즈버즈,273060.KQ
502,원익QnC,074600.KQ
503,원익머트리얼즈,104830.KQ
504,원풍,008370.KQ
505,웹젠,069080.KQ
506,위니아딤채,071460.KQ
507,위닉스,044340.KQ
508,위메이드,112040.KQ
509,유비벨록스,089850.KQ
510,유비쿼스,264450.KQ
511,유비쿼스홀딩스,078070.KQ
512,유진스팩7호,388800.KQ
513,유진테크,084370.KQ
514,유틸렉스,263050.KQ
515,이건홀딩스,039020.KQ
516,이노와이어리스,073490.KQ
517,이랜텍,054210.KQ
518,이화전기,024810.KQ
519,인산가,277410.KQ
520,인성정보,033230.KQ
521,인탑스,049070.KQ
522,인피니티엔티,016670.KQ
523,자이언트스텝,289220.KQ
524,재영솔루텍,049630.KQ
525,제이앤티씨,204270.KQ
526,제이티,089790.KQ
527,제일테크노스,038010.KQ
528,중앙디앤엠,051980.KQ
529,지티지웰니스,219750.KQ
530,진바이오텍,086060.KQ
531,진성티이씨,036890.KQ
532,초록뱀미디어,047820.KQ
533,캐리소프트,317530.KQ
534,캠시스,050110.KQ
535,컴투스홀딩스,063080.KQ
536,케어젠,214370.KQ
537,케이비제19호스팩,330990.KQ
538,케이피에프,024880.KQ
539,코디엠,224060.KQ
540,코스맥스엔비티,222040.KQ
541,코스메카코리아,241710.KQ
542,코프라,126600.KQ
543,쿠콘,294570.KQ
544,태양,053620.KQ
545,태웅로직스,124560.KQ
546,테라셈,182690.KQ
547,토비스,051360.KQ
548,트윔,290090.KQ
549,티라유텍,322180.KQ
550,티비씨,033830.KQ
551,티엘비,356860.KQ
552,티케이케미칼,104480.KQ
553,파나진,046210.KQ
554,파나케이아,058530.KQ
555,파버나인,177830.KQ
556,파워넷,037030.KQ
557,판타지오,032800.KQ
558,프로이천,321260.KQ
559,프로텍,053610.KQ
560,플래티어,367000.KQ
561,피에이치에이,043370.KQ
562,하나금융16호스팩,343510.KQ
563,하이제5호스팩,340120.KQ
564,한국정보통신,025770.KQ
565,한국캐피탈,023760.KQ
566,한일네트웍스,046110.KQ
567,해성옵틱스,076610.KQ
568,현우산업,092300.KQ
569,DSC인베스트먼트,241520.KQ
570,EG,037370.KQ
571,GST,083450.KQ
572,HB솔루션,297890.KQ
573,HK이노엔,195940.KQ
574,ITX-AI,099520.KQ
575,KMH,122450.KQ
576,SDN,099220.KQ
577,가비아,079940.KQ
578,감성코퍼레이션,036620.KQ
579,경남스틸,039240.KQ
580,경동제약,011040.KQ
581,광진윈텍,090150.KQ
582,글로벌텍스프리,204620.KQ
583,나라엠앤디,051490.KQ
584,내츄럴엔도텍,168330.KQ
585,네오셈,253590.KQ
586,네오위즈홀딩스,042420.KQ
587,네이블커뮤니케이션즈,153460.KQ
588,넥스턴바이오,089140.KQ
589,넥스트BT,065170.KQ
590,뉴프렉스,085670.KQ
591,대성엘텍,025440.KQ
592,대신밸런스제11호스팩,397500.KQ
593,대신밸런스제7호스팩,332290.KQ
594,대양전기공업,108380.KQ
595,덕산테코피아,317330.KQ
596,동방선기,099410.KQ
597,동진쎄미켐,005290.KQ
598,디바이스이엔지,187870.KQ
599,디알젬,263690.KQ
600,램테크놀러지,171010.KQ
601,레이크머티리얼즈,281740.KQ
602,레인보우로보틱스,277810.KQ
603,로보로보,215100.KQ
604,로지시스,067730.KQ
605,루멘스,038060.KQ
606,링네트,042500.KQ
607,마이크로프랜드,147760.KQ
608,매직마이크로,127160.KQ
609,메가스터디교육,215200.KQ
610,메드팩토,235980.KQ
611,메디톡스,086900.KQ
612,메이슨캐피탈,021880.KQ
613,멜파스,096640.KQ
614,모베이스전자,012860.KQ
615,모헨즈,006920.KQ
616,미코,059090.KQ
617,민앤지,214180.KQ
618,바른손,018700.KQ
619,바이넥스,053030.KQ
620,바이브컴퍼니,301300.KQ
621,바이오톡스텍,086040.KQ
622,바이온,032980.KQ
623,베노홀딩스,206400.KQ
624,블루콤,033560.KQ
625,비보존 헬스케어,082800.KQ
626,비에이치아이,083650.KQ
627,사람인에이치알,143240.KQ
628,삼천당제약,000250.KQ
629,상상인인더스트리,101000.KQ
630,상아프론테크,089980.KQ
631,새로닉스,042600.KQ
632,서연탑메탈,019770.KQ
633,서울반도체,046890.KQ
634,서울전자통신,027040.KQ
635,서원인텍,093920.KQ
636,서진오토모티브,122690.KQ
637,서호전기,065710.KQ
638,선데이토즈,123420.KQ
639,세틀뱅크,234340.KQ
640,센코,347000.KQ
641,소마젠,950200.KQ
642,슈프리마에이치큐,094840.KQ
643,시그네틱스,033170.KQ
644,시노펙스,025320.KQ
645,신원종합개발,017000.KQ
646,신한제7호스팩,366330.KQ
647,싸이맥스,160980.KQ
648,씨아이에스,222080.KQ
649,씨앤지하이테크,264660.KQ
650,씨엔알리서치,359090.KQ
651,아세아텍,050860.KQ
652,아시아종묘,154030.KQ
653,아우딘퓨쳐스,227610.KQ
654,아이에이,038880.KQ
655,아이엘사이언스,307180.KQ
656,아이원스,114810.KQ
657,아이진,185490.KQ
658,아이큐어,175250.KQ
659,아이크래프트,052460.KQ
660,알에스오토메이션,140670.KQ
661,알톤스포츠,123750.KQ
662,액션스퀘어,205500.KQ
663,에스디생명공학,217480.KQ
664,에스엔유,080000.KQ
665,에스텍파마,041910.KQ
666,에이루트,096690.KQ
667,에이스테크,088800.KQ
668,에이치엠씨제5호스팩,353060.KQ
669,에이티세미콘,089530.KQ
670,에이프로,262260.KQ
671,엑스큐어,070300.KQ
672,엔시스,333620.KQ
673,엔에스,217820.KQ
674,엔피디,198080.KQ
675,엘비루셈,376190.KQ
676,엘앤씨바이오,290650.KQ
677,엘오티베큠,083310.KQ
678,엠브레인,169330.KQ
679,엠투아이,347890.KQ
680,엠플러스,259630.KQ
681,예스24,053280.KQ
682,오가닉티코스메틱,900300.KQ
683,오스테오닉,226400.KQ
684,오하임아이엔티,309930.KQ
685,옵트론텍,082210.KQ
686,와이아이케이,232140.KQ
687,와이어블,065530.KQ
688,우리산업홀딩스,072470.KQ
689,우양,103840.KQ
690,원방테크,053080.KQ
691,원익홀딩스,030530.KQ
692,위메이드맥스,101730.KQ
693,유니트론텍,142210.KQ
694,유에스티,263770.KQ
695,유일에너테크,340930.KQ
696,유진스팩6호,373340.KQ
697,이루온,065440.KQ
698,이엔에프테크놀로지,102710.KQ
699,이엘피,063760.KQ
700,이엠앤아이,083470.KQ
701,이즈미디어,181340.KQ
702,이큐셀,160600.KQ
703,이트론,096040.KQ
704,인터파크,035080.KQ
705,잉글우드랩,950140.KQ
706,제너셈,217190.KQ
707,제노레이,122310.KQ
708,제로투세븐,159580.KQ
709,제룡전기,033100.KQ
710,제주맥주,276730.KQ
711,젬백스,082270.KQ
712,지란지교시큐리티,208350.KQ
713,지엔코,065060.KQ
714,지오엘리먼트,311320.KQ
715,칩스앤미디어,094360.KQ
716,캔서롭,180400.KQ
717,컴퍼니케이,307930.KQ
718,케이사인,192250.KQ
719,케이씨에스,115500.KQ
720,케이아이엔엑스,093320.KQ
721,케이티비네트워크,298870.KQ
722,켐온,217600.KQ
723,켐트로스,220260.KQ
724,코세스,089890.KQ
725,코엔텍,029960.KQ
726,콜마비앤에이치,200130.KQ
727,큐브엔터,182360.KQ
728,크리스에프앤씨,110790.KQ
729,티로보틱스,117730.KQ
730,티엘아이,062860.KQ
731,파라다이스,034230.KQ
732,파인텍,131760.KQ
733,파크시스템스,140860.KQ
734,펩트론,087010.KQ
735,포스코 ICT,022100.KQ
736,폴라리스우노,114630.KQ
737,폴라리스웍스,123010.KQ
738,풍국주정,023900.KQ
739,퓨쳐켐,220100.KQ
740,프리시젼바이오,335810.KQ
741,피씨디렉트,051380.KQ
742,피엔에이치테크,239890.KQ
743,피엔케이피부임상연구센타,347740.KQ
744,피플바이오,304840.KQ
745,하나마이크론,067310.KQ
746,하나머티리얼즈,166090.KQ
747,하림,136480.KQ
748,하이로닉,149980.KQ
749,하이소닉,106080.KQ
750,한국유니온제약,080720.KQ
751,한송네오텍,226440.KQ
752,한일사료,005860.KQ
753,헝셩그룹,900270.KQ
754,현대에이치티,039010.KQ
755,화일약품,061250.KQ
756,효성오앤비,097870.KQ
757,휴럼,353190.KQ
758,휴온스,243070.KQ
759,휴젤,145020.KQ
760,CJ프레시웨이,051500.KQ
761,CNH,023460.KQ
762,DB금융스팩9호,367360.KQ
763,DMS,068790.KQ
764,EMW,079190.KQ
765,GRT,900290.KQ
766,HLB,028300.KQ
767,HLB제약,047920.KQ
768,HLB테라퓨틱스,115450.KQ
769,KG모빌리언스,046440.KQ
770,KMH하이텍,052900.KQ
771,KT서브마린,060370.KQ
772,LX세미콘,108320.KQ
773,SBS콘텐츠허브,046140.KQ
774,SG&G,040610.KQ
775,SK5호스팩,337450.KQ
776,SV인베스트먼트,289080.KQ
777,TPC,048770.KQ
778,TS인베스트먼트,246690.KQ
779,YTN,040300.KQ
780,YW,051390.KQ
781,가온미디어,078890.KQ
782,골든센츄리,900280.KQ
783,교보11호스팩,397880.KQ
784,나무기술,242040.KQ
785,나스미디어,089600.KQ
786,나이스정보통신,036800.KQ
787,네오오토,212560.KQ
788,네오크레마,311390.KQ
789,넷게임즈,225570.KQ
790,노랑풍선,104620.KQ
791,노바텍,285490.KQ
792,뉴보텍,060260.KQ
793,뉴지랩파마,214870.KQ
794,다날,064260.KQ
795,대신정보통신,020180.KQ
796,대원미디어,048910.KQ
797,대한광통신,010170.KQ
798,대호특수강,021040.KQ
799,대화제약,067080.KQ
800,덕산하이메탈,077360.KQ
801,덕우전자,263600.KQ
802,데브시스터즈,194480.KQ
803,동신건설,025950.KQ
804,동아화성,041930.KQ
805,동양파일,228340.KQ
806,동일철강,023790.KQ
807,디앤씨미디어,263720.KQ
808,디와이디,219550.KQ
809,디이엔티,079810.KQ
810,라온피플,300120.KQ
811,랩지노믹스,084650.KQ
812,로보티즈,108490.KQ
813,리메드,302550.KQ
814,린드먼아시아,277070.KQ
815,마이더스AI,222810.KQ
816,마인즈랩,377480.KQ
817,멀티캠퍼스,067280.KQ
818,모베이스,101330.KQ
819,모아텍,033200.KQ
820,미스터블루,207760.KQ
821,바른손이앤에이,035620.KQ
822,바이오니아,064550.KQ
823,바이오다인,314930.KQ
824,바이오스마트,038460.KQ
825,바텍,043150.KQ
826,배럴,267790.KQ
827,보광산업,225530.KQ
828,본느,226340.KQ
829,브릿지바이오,288330.KQ
830,블리츠웨이,369370.KQ
831,비엠티,086670.KQ
832,삼보모터스,053700.KQ
833,삼보산업,009620.KQ
834,삼영엠텍,054540.KQ
835,삼진,032750.KQ
836,상상인,038540.KQ
837,샘코,263540.KQ
838,서울바이오시스,092190.KQ
839,서울옥션,063170.KQ
840,서울제약,018680.KQ
841,성도이엔지,037350.KQ
842,성우테크론,045300.KQ
843,세보엠이씨,011560.KQ
844,세원,234100.KQ
845,세중,039310.KQ
846,셀루메드,049180.KQ
847,셀리버리,268600.KQ
848,소룩스,290690.KQ
849,소프트캠프,258790.KQ
850,손오공,066910.KQ
851,수성이노베이션,084180.KQ
852,스카이문스테크놀로지,033790.KQ
853,스킨앤스킨,159910.KQ
854,스튜디오산타클로스,204630.KQ
855,신성델타테크,065350.KQ
856,신한제8호스팩,393360.KQ
857,신화인터텍,056700.KQ
858,실리콘투,257720.KQ
859,싸이버원,356890.KQ
860,싸이토젠,217330.KQ
861,씨엔플러스,115530.KQ
862,씨유테크,376290.KQ
863,씨이랩,189330.KQ
864,아나패스,123860.KQ
865,아시아경제,127710.KQ
866,아이스크림에듀,289010.KQ
867,아이오케이,078860.KQ
868,아주IB투자,027360.KQ
869,안랩,053800.KQ
870,알서포트,131370.KQ
871,압타바이오,293780.KQ
872,에너토크,019990.KQ
873,에디슨EV,136510.KQ
874,에스넷,038680.KQ
875,에스에이엠티,031330.KQ
876,에스피지,058610.KQ
877,에이디엠코리아,187660.KQ
878,에이비프로바이오,195990.KQ
879,에이치앤비디자인,227100.KQ
880,에이치엔티,176440.KQ
881,에이팩트,200470.KQ
882,에이피티씨,089970.KQ
883,에치에프알,230240.KQ
884,에코바이오,038870.KQ
885,에코캡,128540.KQ
886,에프앤가이드,064850.KQ
887,에프엔에스테크,083500.KQ
888,엔바이오니아,317870.KQ
889,엘엠에스,073110.KQ
890,엠아이텍,179290.KQ
891,엠에스오토텍,123040.KQ
892,엠케이전자,033160.KQ
893,오션브릿지,241790.KQ
894,오이솔루션,138080.KQ
895,올리패스,244460.KQ
896,와이엠씨,155650.KQ
897,와이엠티,251370.KQ
898,와이제이엠게임즈,193250.KQ
899,와이팜,332570.KQ
900,와토스코리아,079000.KQ
901,우리넷,115440.KQ
902,원익IPS,240810.KQ
903,위세아이텍,065370.KQ
904,유니슨,018000.KQ
905,유니크,011320.KQ
906,이녹스첨단소재,272290.KQ
907,이미지스,115610.KQ
908,이상네트웍스,080010.KQ
909,이수앱지스,086890.KQ
910,이스트아시아홀딩스,900110.KQ
911,이엔드디,101360.KQ
912,이오플로우,294090.KQ
913,이퓨쳐,134060.KQ
914,이화공영,001840.KQ
915,인터엠,017250.KQ
916,인피니트헬스케어,071200.KQ
917,일신바이오,068330.KQ
918,장원테크,174880.KQ
919,제노코,361390.KQ
920,제이웨이,058420.KQ
921,젬백스링크,064800.KQ
922,조광ILI,044060.KQ
923,줌인터넷,239340.KQ
924,중앙백신,072020.KQ
925,지놈앤컴퍼니,314130.KQ
926,지니너스,389030.KQ
927,지아이텍,382480.KQ
928,진시스템,363250.KQ
929,카스,016920.KQ
930,카페24,042000.KQ
931,케이에스피,073010.KQ
932,코나아이,052400.KQ
933,코다코,046070.KQ
934,코텍,052330.KQ
935,큐로홀딩스,051780.KQ
936,크리스탈신소재,900250.KQ
937,크린앤사이언스,045520.KQ
938,클래시스,214150.KQ
939,클리오,237880.KQ
940,투비소프트,079970.KQ
941,팅크웨어,084730.KQ
942,파마리서치,214450.KQ
943,팜스토리,027710.KQ
944,포인트모바일,318020.KQ
945,폴라리스오피스,041020.KQ
946,푸드나무,290720.KQ
947,피제이메탈,128660.KQ
948,한국전자인증,041460.KQ
949,한국큐빅,021650.KQ
950,한글과컴퓨터,030520.KQ
951,한독크린텍,256150.KQ
952,한탑,002680.KQ
953,한프,066110.KQ
954,해성산업,034810.KQ
955,현대에버다임,041440.KQ
956,홈캐스트,064240.KQ
957,휴먼엔,032860.KQ
958,휴메딕스,200670.KQ
959,휴온스블러썸,263920.KQ
960,흥구석유,024060.KQ
961,COWON,056000.KQ
962,DB금융스팩8호,367340.KQ
963,FSN,214270.KQ
964,GH신소재,130500.KQ
965,IBKS제13호스팩,351340.KQ
966,JYP Ent.,035900.KQ
967,RFHIC,218410.KQ
968,YBM넷,057030.KQ
969,고려신용정보,049720.KQ
970,고바이오랩,348150.KQ
971,골드퍼시픽,038530.KQ
972,광진실업,026910.KQ
973,국보디자인,066620.KQ
974,그린플러스,186230.KQ
975,기산텔레콤,035460.KQ
976,나노스,151910.KQ
977,나노씨엠에스,247660.KQ
978,나노캠텍,091970.KQ
979,나이스디앤비,130580.KQ
980,네패스,033640.KQ
981,넥슨지티,041140.KQ
982,대동금속,020400.KQ
983,대림제지,017650.KQ
984,대신밸런스제8호스팩,336570.KQ
985,대원,007680.KQ
986,대한뉴팜,054670.KQ
987,동운아나텍,094170.KQ
988,드림씨아이에스,223250.KQ
989,드림어스컴퍼니,060570.KQ
990,디아이티,110990.KQ
991,디에스케이,109740.KQ
992,디에이치피코리아,131030.KQ
993,디지탈옵틱,106520.KQ
994,디케이앤디,263020.KQ
995,디케이티,290550.KQ
996,라온시큐어,042510.KQ
997,라온테크,232680.KQ
998,라이트론,069540.KQ
999,라파스,214260.KQ
1000,리노스,039980.KQ
1001,마이크로컨텍솔,098120.KQ
1002,마크로젠,038290.KQ
1003,메지온,140410.KQ
1004,모비릭스,348030.KQ
1005,미디어젠,279600.KQ
1006,미래나노텍,095500.KQ
1007,미래에셋대우스팩 5호,353490.KQ
1008,미투젠,950190.KQ
1009,바이오리더스,142760.KQ
1010,바이오플러스,099430.KQ
1011,바이젠셀,308080.KQ
1012,베스파,299910.KQ
1013,뷰웍스,100120.KQ
1014,비에이치,090460.KQ
1015,비올,335890.KQ
1016,비츠로셀,082920.KQ
1017,비츠로시스,054220.KQ
1018,비츠로테크,042370.KQ
1019,빅텍,065450.KQ
1020,삼성머스트스팩5호,380320.KQ
1021,서린바이오,038070.KQ
1022,서부T&D,006730.KQ
1023,서암기계공업,100660.KQ
1024,석경에이티,357550.KQ
1025,선광,003100.KQ
1026,성우전자,081580.KQ
1027,세화피앤씨,252500.KQ
1028,셀레믹스,331920.KQ
1029,소리바다,053110.KQ
1030,수젠텍,253840.KQ
1031,스맥,099440.KQ
1032,스튜디오드래곤,253450.KQ
1033,시너지이노베이션,048870.KQ
1034,신라섬유,001000.KQ
1035,신라에스지,025870.KQ
1036,신라젠,215600.KQ
1037,신영스팩5호,323280.KQ
1038,신화콘텍,187270.KQ
1039,쎄니트,037760.KQ
1040,씨씨에스,066790.KQ
1041,씨젠,096530.KQ
1042,씨티씨바이오,060590.KQ
1043,아리온,058220.KQ
1044,아비코전자,036010.KQ
1045,아이디스홀딩스,054800.KQ
1046,아이쓰리시스템,214430.KQ
1047,아이티아이즈,372800.KQ
1048,안국약품,001540.KQ
1049,알테오젠,196170.KQ
1050,에브리봇,270660.KQ
1051,에스씨엠생명과학,298060.KQ
1052,에스에이티,060540.KQ
1053,에스엠코어,007820.KQ
1054,에스코넥,096630.KQ
1055,에스티오,098660.KQ
1056,에이디칩스,054630.KQ
1057,에이치엘사이언스,239610.KQ
1058,에이치엠씨제4호스팩,353070.KQ
1059,에이테크솔루션,071670.KQ
1060,에프엔씨엔터,173940.KQ
1061,엔브이에이치코리아,067570.KQ
1062,엔에프씨,265740.KQ
1063,엔켐,348370.KQ
1064,엘비세미콘,061970.KQ
1065,엠로,058970.KQ
1066,엠에스씨,009780.KQ
1067,연우,115960.KQ
1068,오리엔탈정공,014940.KQ
1069,오킨스전자,080580.KQ
1070,와이솔,122990.KQ
1071,와이엔텍,067900.KQ
1072,와이오엠,066430.KQ
1073,와이지엔터테인먼트,122870.KQ
1074,우리이앤엘,153490.KQ
1075,우리조명,037400.KQ
1076,우주일렉트로,065680.KQ
1077,웨이브일렉트로,095270.KQ
1078,웹케시,053580.KQ
1079,위더스제약,330350.KQ
1080,위드텍,348350.KQ
1081,위지윅스튜디오,299900.KQ
1082,윈스,136540.KQ
1083,윈텍,320000.KQ
1084,유라테크,048430.KQ
1085,유바이오로직스,206650.KQ
1086,유아이디,069330.KQ
1087,육일씨엔에쓰,191410.KQ
1088,율호,072770.KQ
1089,이노뎁,303530.KQ
1090,이니텍,053350.KQ
1091,이엠코리아,095190.KQ
1092,인지디스플레,037330.KQ
1093,일지테크,019540.KQ
1094,제넥신,095700.KQ
1095,제이에스티나,026040.KQ
1096,제이엠아이,033050.KQ
1097,제일전기공업,199820.KQ
1098,지엔원에너지,270520.KQ
1099,진로발효,018120.KQ
1100,차백신연구소,261780.KQ
1101,체리부로,066360.KQ
1102,카카오게임즈,293490.KQ
1103,케이디켐,221980.KQ
1104,케이씨티,089150.KQ
1105,케이엠더블유,032500.KQ
1106,케이피에스,256940.KQ
1107,코리아에스이,101670.KQ
1108,코맥스,036690.KQ
1109,코아스템,166480.KQ
1110,코웰패션,033290.KQ
1111,큐렉소,060280.KQ
1112,큐로컴,040350.KQ
1113,큐리언트,115180.KQ
1114,큐캐피탈,016600.KQ
1115,키이스트,054780.KQ
1116,태웅,044490.KQ
1117,테크윙,089030.KQ
1118,톱텍,108230.KQ
1119,티씨케이,064760.KQ
1120,티앤엘,340570.KQ
1121,티에스아이,277880.KQ
1122,티에스이,131290.KQ
1123,티움바이오,321550.KQ
1124,파루,043200.KQ
1125,파세코,037070.KQ
1126,파인테크닉스,106240.KQ
1127,팜스빌,318010.KQ
1128,팬스타엔터프라이즈,054300.KQ
1129,펄어비스,263750.KQ
1130,포메탈,119500.KQ
1131,푸른저축은행,007330.KQ
1132,플레이위드,023770.KQ
1133,피씨엘,241820.KQ
1134,피에이치씨,057880.KQ
1135,피피아이,062970.KQ
1136,하나금융17호스팩,363260.KQ
1137,하나머스트7호스팩,372290.KQ
1138,한국파마,032300.KQ
1139,한창산업,079170.KQ
1140,핸디소프트,220180.KQ
1141,현대공업,170030.KQ
1142,화신정공,126640.KQ
1143,휴마시스,205470.KQ
1144,휴맥스,115160.KQ
1145,휴비츠,065510.KQ
1146,흥국,010240.KQ
1147,CJ ENM,035760.KQ
1148,CMG제약,058820.KQ
1149,HB테크놀러지,078150.KQ
1150,IBKS제16호스팩,388790.KQ
1151,KD,044180.KQ
1152,KG이니시스,035600.KQ
1153,KNN,058400.KQ
1154,KPX생명과학,114450.KQ
1155,NE능률,053290.KQ
1156,NHN한국사이버결제,060250.KQ
1157,SBI인베스트먼트,019550.KQ
1158,SG,255220.KQ
1159,SK6호스팩,340350.KQ
1160,SM C&C,048550.KQ
1161,골드앤에스,035290.KQ
1162,구영테크,053270.KQ
1163,금강철강,053260.KQ
1164,기가레인,049080.KQ
1165,나우IB,293580.KQ
1166,네오펙트,290660.KQ
1167,네패스아크,330860.KQ
1168,녹십자엠에스,142280.KQ
1169,다우데이타,032190.KQ
1170,다원시스,068240.KQ
1171,대동기어,008830.KQ
1172,대륙제관,004780.KQ
1173,대모,317850.KQ
1174,대보마그네틱,290670.KQ
1175,대성창투,027830.KQ
1176,대정화금,120240.KQ
1177,대창스틸,140520.KQ
1178,동성화인텍,033500.KQ
1179,동양에스텍,060380.KQ
1180,동양이엔피,079960.KQ
1181,동우팜투테이블,088910.KQ
1182,디스플레이텍,066670.KQ
1183,디와이피엔에프,104460.KQ
1184,디젠스,113810.KQ
1185,러셀,217500.KQ
1186,레이,228670.KQ
1187,맘스터치,220630.KQ
1188,매일유업,267980.KQ
1189,메가스터디,072870.KQ
1190,명성티엔에스,257370.KQ
1191,모다이노칩,080420.KQ
1192,모바일어플라이언스,087260.KQ
1193,미투온,201490.KQ
1194,바디텍메드,206640.KQ
1195,바이오솔루션,086820.KQ
1196,부방,014470.KQ
1197,뷰노,338220.KQ
1198,브이원텍,251630.KQ
1199,비나텍,126340.KQ
1200,빅솔론,093190.KQ
1201,삼강엠앤티,100090.KQ
1202,삼영에스앤씨,361670.KQ
1203,상신전자,263810.KQ
1204,서진시스템,178320.KQ
1205,서플러스글로벌,140070.KQ
1206,서한,011370.KQ
1207,서희건설,035890.KQ
1208,선익시스템,171090.KQ
1209,성광벤드,014620.KQ
1210,세원물산,024830.KQ
1211,소프트센,032680.KQ
1212,솔본,035610.KQ
1213,신진에스엠,138070.KQ
1214,신흥에스이씨,243840.KQ
1215,심텍,222800.KQ
1216,심텍홀딩스,036710.KQ
1217,쎌바이오텍,049960.KQ
1218,씨에스베어링,297090.KQ
1219,씨유메디칼,115480.KQ
1220,아모그린텍,125210.KQ
1221,아미노로직스,074430.KQ
1222,아바텍,149950.KQ
1223,아이디스,143160.KQ
1224,아이앤씨,052860.KQ
1225,아이티엠반도체,084850.KQ
1226,아진엑스텍,059120.KQ
1227,아톤,158430.KQ
1228,알엔투테크놀로지,148250.KQ
1229,압타머사이언스,291650.KQ
1230,애머릿지,900100.KQ
1231,액토즈소프트,052790.KQ
1232,앤씨앤,092600.KQ
1233,에스디시스템,121890.KQ
1234,에스앤에스텍,101490.KQ
1235,에스엠,041510.KQ
1236,에스티아이,039440.KQ
1237,에스티큐브,052020.KQ
1238,에이치케이,044780.KQ
1239,에이텍,045660.KQ
1240,에코프로,086520.KQ
1241,에코프로비엠,247540.KQ
1242,엔비티,236810.KQ
1243,엔에이치스팩22호,396770.KQ
1244,엘아이에스,138690.KQ
1245,엘앤케이바이오,156100.KQ
1246,오로스테크놀로지,322310.KQ
1247,오리콤,010470.KQ
1248,오비고,352910.KQ
1249,오스템,031510.KQ
1250,우리기술,032820.KQ
1251,우리기술투자,041190.KQ
1252,우리바이오,082850.KQ
1253,원티드랩,376980.KQ
1254,원풍물산,008290.KQ
1255,월덱스,101160.KQ
1256,웰크론한텍,076080.KQ
1257,웹스,196700.KQ
1258,윙입푸드,900340.KQ
1259,유니셈,036200.KQ
1260,유진기업,023410.KQ
1261,유진로봇,056080.KQ
1262,이노인스트루먼트,215790.KQ
1263,이라이콤,041520.KQ
1264,이베스트투자증권,078020.KQ
1265,이엠텍,091120.KQ
1266,이원컴포텍,088290.KQ
1267,이크레더블,092130.KQ
1268,인베니아,079950.KQ
1269,인콘,083640.KQ
1270,인크로스,216050.KQ
1271,인텔리안테크,189300.KQ
1272,인트로메딕,150840.KQ
1273,인포마크,175140.KQ
1274,일야,058450.KQ
1275,일진파워,094820.KQ
1276,제넨바이오,072520.KQ
1277,제노포커스,187420.KQ
1278,제닉,123330.KQ
1279,제룡산업,147830.KQ
1280,제이브이엠,054950.KQ
1281,제이엔케이히터,126880.KQ
1282,젠큐릭스,229000.KQ
1283,중앙에너비스,000440.KQ
1284,지스마트글로벌,114570.KQ
1285,지앤비에스엔지니어링,382800.KQ
1286,지엘팜텍,204840.KQ
1287,진매트릭스,109820.KQ
1288,참좋은여행,094850.KQ
1289,창해에탄올,004650.KQ
1290,컬러레이,900310.KQ
1291,케어랩스,263700.KQ
1292,케이엔제이,272110.KQ
1293,케이엠,083550.KQ
1294,케이프,064820.KQ
1295,코디,080530.KQ
1296,코리아에프티,123410.KQ
1297,코센,009730.KQ
1298,클라우드에어,036170.KQ
1299,타이거일렉,219130.KQ
1300,탑엔지니어링,065130.KQ
1301,탑코미디어,134580.KQ
1302,테스,095610.KQ
1303,툴젠,199800.KQ
1304,티사이언티픽,057680.KQ
1305,티피씨글로벌,130740.KQ
1306,파워로직스,047310.KQ
1307,팬젠,222110.KQ
1308,포커스에이치엔에스,331380.KQ
1309,프리엠스,053160.KQ
1310,플랜티넷,075130.KQ
1311,피앤씨테크,237750.KQ
1312,하나금융20호스팩,400560.KQ
1313,하림지주,003380.KQ
1314,하이제6호스팩,377400.KQ
1315,하이텍팜,106190.KQ
1316,한국9호스팩,368770.KQ
1317,한국가구,004590.KQ
1318,한국비엔씨,256840.KQ
1319,한국정밀기계,101680.KQ
1320,한양이엔지,045100.KQ
1321,한일진공,123840.KQ
1322,헬릭스미스,084990.KQ
1323,협진,138360.KQ
1324,휘닉스소재,050090.KQ
1325,AP시스템,265520.KQ
1326,AP위성,211270.KQ
1327,BNGT,032790.KQ
1328,IBKS제15호스팩,373200.KQ
1329,KH E&T,226360.KQ
1330,KH 일렉트론,111870.KQ
1331,OQP,078590.KQ
1332,S&K폴리텍,091340.KQ
1333,SFA반도체,036540.KQ
1334,SGA,049470.KQ
1335,SGC이테크건설,016250.KQ
1336,SM Life Design,063440.KQ
1337,THE E&M,089230.KQ
1338,THE MIDONG,161570.KQ
1339,TS트릴리온,317240.KQ
1340,UCI,038340.KQ
1341,경남제약헬스케어,223310.KQ
1342,골프존,215000.KQ
1343,골프존뉴딘홀딩스,121440.KQ
1344,교보10호기업인수목적,355150.KQ
1345,글로벌에스엠,900070.KQ
1346,금화피에스시,036190.KQ
1347,네오이뮨텍,950220.KQ
1348,네온테크,306620.KQ
1349,녹십자웰빙,234690.KQ
1350,누리플랜,069140.KQ
1351,뉴트리,270870.KQ
1352,다나와,119860.KQ
1353,다믈멀티미디어,093640.KQ
1354,대동스틸,048470.KQ
1355,대신밸런스제10호스팩,387310.KQ
1356,대주전자재료,078600.KQ
1357,데이타솔루션,263800.KQ
1358,덱스터,206560.KQ
1359,덴티스,261200.KQ
1360,동국알앤에스,075970.KQ
1361,동원개발,013120.KQ
1362,동일금속,109860.KQ
1363,동화기업,025900.KQ
1364,드래곤플라이,030350.KQ
1365,디어유,376300.KQ
1366,라닉스,317120.KQ
1367,라이온켐텍,171120.KQ
1368,라이프시맨틱스,347700.KQ
1369,로체시스템즈,071280.KQ
1370,리노공업,058470.KQ
1371,리파인,377450.KQ
1372,마니커에프앤지,195500.KQ
1373,마이크로디지탈,305090.KQ
1374,매커스,093520.KQ
1375,메디아나,041920.KQ
1376,모바일리더,100030.KQ
1377,미래생명자원,218150.KQ
1378,바른전자,064520.KQ
1379,백금T&A,046310.KQ
1380,버킷스튜디오,066410.KQ
1381,보성파워텍,006910.KQ
1382,블루베리 NFT,044480.KQ
1383,비디아이,148140.KQ
1384,비비씨,318410.KQ
1385,비씨월드제약,200780.KQ
1386,비아트론,141000.KQ
1387,비트나인,357880.KQ
1388,빛샘전자,072950.KQ
1389,삼기,122350.KQ
1390,삼영이엔씨,065570.KQ
1391,상상인이안제2호스팩,329560.KQ
1392,서남,294630.KQ
1393,서전기전,189860.KQ
1394,세동,053060.KQ
1395,세림B&G,340440.KQ
1396,세진티에스,067770.KQ
1397,셀리드,299660.KQ
1398,셀트리온제약,068760.KQ
1399,셀트리온헬스케어,091990.KQ
1400,솔트룩스,304100.KQ
1401,쇼박스,086980.KQ
1402,슈프리마아이디,317770.KQ
1403,승일,049830.KQ
1404,신신제약,002800.KQ
1405,쏠리드,050890.KQ
1406,씨엠에스에듀,225330.KQ
1407,아난티,025980.KQ
1408,아바코,083930.KQ
1409,아스트,067390.KQ
1410,아이텍,119830.KQ
1411,아이톡시,052770.KQ
1412,아이패밀리에스씨,114840.KQ
1413,알로이스,297570.KQ
1414,알리코제약,260660.KQ
1415,앱코,129890.KQ
1416,야스,255440.KQ
1417,양지사,030960.KQ
1418,에스씨디,042110.KQ
1419,에스와이,109610.KQ
1420,에스텍,069510.KQ
1421,에스폴리텍,050760.KQ
1422,에스피시스템스,317830.KQ
1423,에이비온,203400.KQ
1424,에이에프더블류,312610.KQ
1425,에이치시티,072990.KQ
1426,에이치엘비파워,043220.KQ
1427,에이치피오,357230.KQ
1428,에이트원,230980.KQ
1429,에코프로에이치엔,383310.KQ
1430,에프앤리퍼블릭,064090.KQ
1431,에프에스티,036810.KQ
1432,엑사이엔씨,054940.KQ
1433,엔에이치스팩20호,391060.KQ
1434,엔에이치스팩21호,391710.KQ
1435,엔젠바이오,354200.KQ
1436,엔피,291230.KQ
1437,엔피케이,048830.KQ
1438,엘앤에프,066970.KQ
1439,엘티씨,170920.KQ
1440,영우디에스피,143540.KQ
1441,예선테크,250930.KQ
1442,오로라,039830.KQ
1443,오상자이엘,053980.KQ
1444,오스코텍,039200.KQ
1445,오파스넷,173130.KQ
1446,올릭스,226950.KQ
1447,옴니시스템,057540.KQ
1448,와이엠텍,273640.KQ
1449,우리산업,215360.KQ
1450,우원개발,046940.KQ
1451,우정바이오,215380.KQ
1452,우진비앤지,018620.KQ
1453,원바이오젠,307280.KQ
1454,원익,032940.KQ
1455,원익큐브,014190.KQ
1456,원익피앤이,131390.KQ
1457,위즈코프,038620.KQ
1458,윈팩,097800.KQ
1459,유비케어,032620.KQ
1460,유앤아이,056090.KQ
1461,이노메트리,302430.KQ
1462,이노테라피,246960.KQ
1463,이루다,164060.KQ
1464,이베스트이안스팩1호,323210.KQ
1465,이브이첨단소재,131400.KQ
1466,이씨에스,067010.KQ
1467,이오테크닉스,039030.KQ
1468,이지홀딩스,035810.KQ
1469,인바이오,352940.KQ
1470,인터로조,119610.KQ
1471,인터플렉스,051370.KQ
1472,인화정공,101930.KQ
1473,자연과환경,043910.KQ
1474,제이스텍,090470.KQ
1475,제테마,216080.KQ
1476,좋은사람들,033340.KQ
1477,지노믹트리,228760.KQ
1478,지씨셀,144510.KQ
1479,지어소프트,051160.KQ
1480,지에스이,053050.KQ
1481,진양제약,007370.KQ
1482,차바이오텍,085660.KQ
1483,참존글로벌,158310.KQ
1484,청담러닝,096240.KQ
1485,카이노스메드,284620.KQ
1486,컴투스,078340.KQ
1487,케이엘넷,039420.KQ
1488,케이엠제약,225430.KQ
1489,케이티알파,036030.KQ
1490,켐트로닉스,089010.KQ
1491,코렌텍,104540.KQ
1492,코리아나,027050.KQ
1493,코미코,183300.KQ
1494,코오롱티슈진,950160.KQ
1495,코윈테크,282880.KQ
1496,코이즈,121850.KQ
1497,코콤,015710.KQ
1498,퀀타매트릭스,317690.KQ
1499,큐라클,365270.KQ
1500,큐에스아이,066310.KQ
1501,크리스탈지노믹스,083790.KQ
1502,텔레칩스,054450.KQ
1503,텔레필드,091440.KQ
1504,티플랙스,081150.KQ
1505,파이오링크,170790.KQ
1506,파인디앤씨,049120.KQ
1507,포스코엠텍,009520.KQ
1508,포시에스,189690.KQ
1509,푸른기술,094940.KQ
1510,프럼파스트,035200.KQ
1511,프레스티지바이오로직스,334970.KQ
1512,플리토,300080.KQ
1513,피에스텍,002230.KQ
1514,하나기술,299030.KQ
1515,하이록코리아,013030.KQ
1516,하이비젼시스템,126700.KQ
1517,하츠,066130.KQ
1518,한국기업평가,034950.KQ
1519,한국알콜,017890.KQ
1520,한국전자금융,063570.KQ
1521,한국정보공학,039740.KQ
1522,한국팩키지,037230.KQ
1523,한네트,052600.KQ
1524,한라IMS,092460.KQ
1525,한스바이오메드,042520.KQ
1526,한컴위드,054920.KQ
1527,현대사료,016790.KQ
1528,홈센타홀딩스,060560.KQ
1529,휴맥스홀딩스,028080.KQ
1530,힘스,238490.KQ
